,basin_level,mean_permanent_area,std_permanent_area
0,0,0.21948010055433156,5.016068843874664
1,3,-0.09624603569023148,6.095627374668867
2,4,-0.2264190422649588,5.02476409052992
