basin_level,mean_seasonal_area,std_seasonal_area
0,1.4877075287931782,11.147111392575681
3,0.7925300870448936,10.500287003664903
4,0.39244521443849223,8.32365694075951
5,0.23206989308364276,6.076166596409673
6,0.06500630060347985,4.13896327977218
7,0.007095724007297092,1.9703402788863364
8,-0.0014260330223973953,0.43435124354832777
