basin_level,mean_seasonal_area,std_seasonal_area
0,5.819421664560155,22.89585993799653
3,5.436172554749353,23.870605502876774
4,3.940829033765317,22.67795983511177
5,3.28373025442757,23.502063086725396
6,2.7263803080211018,23.98469613362817
7,1.9448587037264686,24.342931892172036
8,1.0601215700670816,24.43598299043162
